<manifest code="proyect_test_template_8">
  <data>
    <code>proyect_test_template_8</code>
    <version/>
  </data>
  <sobject expression="@SOBJECT(sthpw/project['code','proyect_test_template_8'])" search_type="sthpw/project" unique="true"/>
  <sobject expression="@SOBJECT(sthpw/project['code','proyect_test_template_8'].sthpw/project_type)" search_type="sthpw/project_type" unique="true"/>
  <sobject expression="@SOBJECT(sthpw/schema['code','proyect_test_template_8'])" search_type="sthpw/schema" unique="true"/>
  <search_type code="LaSP/animatics"/>
  <search_type code="LaSP/assets_3d"/>
  <search_type code="LaSP/audio"/>
  <search_type code="LaSP/cliente_in"/>
  <search_type code="LaSP/concepts"/>
  <search_type code="LaSP/episodios"/>
  <search_type code="LaSP/graficas"/>
  <search_type code="LaSP/grupos_de_tomas"/>
  <search_type code="LaSP/guion_y_sinopsis"/>
  <search_type code="LaSP/layout"/>
  <search_type code="LaSP/matte_painting"/>
  <search_type code="LaSP/planos"/>
  <search_type code="LaSP/referencias_nuestras"/>
  <search_type code="LaSP/secuencias"/>
  <search_type code="LaSP/storyboard"/>
  <search_type code="LaSP/vademecum"/>
  <sobject search_type="config/custom_script" seq_max="1"/>
  <sobject search_type="config/widget_config" seq_max="249"/>
  <sobject search_type="config/naming" seq_max="70"/>
  <sobject search_type="config/client_trigger" seq_max="1"/>
  <sobject search_type="config/process" seq_max="126"/>
  <sobject search_type="config/trigger" seq_max="1"/>
  <sobject search_type="config/url" seq_max="1"/>
  <sobject search_type="config/prod_setting" seq_max="2"/>
  <sobject expression="@SOBJECT(sthpw/login_group['project_code','proyect_test_template_8'])" search_type="sthpw/login_group" unique="true"/>
  <sobject expression="@SOBJECT(sthpw/pipeline['project_code','proyect_test_template_8'])" search_type="sthpw/pipeline" unique="true"/>
  <sobject expression="@SOBJECT(sthpw/notification['project_code','proyect_test_template_8'])" search_type="sthpw/notification"/>
</manifest>
